language,ISO code,subgroup,10-Jan,11,12,13,14,15,16,17,18,19,teens summary,20,21,22,23,24,25,26,27,28,29,30,31,32,39,40,41,49,50,51,59,60,61,69,70,71,79,80,81,89,90,91,99,crowns summary,running-numbers summary,shift in base-atom order from teens to running-numbers,100,200,300,400,500,600,700,800,900,1000,2000,Chan (2006-2015) source,additional source,additional source page,,Date ,Date source
Old_Irish,sga,Celtic,atom,1 + 10,2 + 10,3 + 10,4 + 10,5 + 10,6 + 10,7 + 10,8 + 10,9 + 10,atom + 10,atom,1 + 20,2 + 20,3 + 20,4 + 20,5 + 20,6 + 20,7 + 20,8 + 20,9 + 20,3 * base,1 + 30,2 + 30,9 + 30,4 * base,1  + 40,9 + 40,5 * base,1 + 50,9 + 50,6 * base,1 + 60,9 + 60,7 * base,1 + 70,9 + 70,8 * base,1 + 80,9 + 80,9 * base,1 + 90,9 + 90,base not10,atom + base,stays atom + base,100,2 * 100,3 * 100,4 * 100,5 * 100,6 * 100,7 * 100,8 * 100,9 * 100,1000,"Pokorny, Julius. 1983. A concise Old Irish grammar and reader; Part 1: Grammar Halle: Niemeyer.",73-74,,,,750,"McCone, Kim (2005).†A first Old Irish grammar and reader. National University of Ireland. p.†4.†ISBN†978-0-901519-36-8."
Scots_Gaelic,gla,Celtic,atom,1 + 10,2 + 10,3 + 10,4 + 10,5 + 10,6 + 10,7 + 10,8 + 10,9 + 10,atom + 10,atom,1 + 20,2 + 20,3 + 20,4 + 20,5 + 20,6 + 20,7 + 20,8 + 20,9 + 20,10 + 20,1 + 10 + 20,2 + 10 + 20,9 + 10 + 20,2 * 20,1 + 2 * 20,9 + 2 * 20,2 * 20 + 10,1 + 10 + 2 * 20,9 + 10 + 2 * 20,3 * 20,1 + 3 * 20,9 + 3 * 20,3 * 20 + 10,1  + 10 + 3 * 20,9 + 10 + 3 * 20,4 * 20,1 + 4 * 20,9 + 4 * 20,4 * 20 + 10,1 +10 + 4 * 20,9 + 10 +4 * 20,base 20,atom + base,stays atom + base,100,2 * 100,3 * 100,4 * 100,5 * 100,6 * 100,7 * 100,8 * 100,9 * 100,1000,2 * 1000,http://lingweb.eva.mpg.de/numeral/ScotGaelic.htm,"Stewart, Alexander. 1886. Elements of Gaelic grammar Edinburgh: MacLachlan & Stewart.",,59,,
Irish_A,gle,Celtic,atom,1 + 10,2 + 10,3 + 10,4 + 10,5 + 10,6 + 10,7 + 10,8 + 10,9 + 10,atom + 10,atom,20 + 1,20 + 2,20 + 3,20 + 4,20 + 5,20 + 6,20 + 7,20 + 8,20 + 9,3 * base,30 + 1,30 + 2,30 + 9,4 * base / atom,40 + 1,40 + 9,5 * base,50 + 1,50 + 9,6 * base,60 + 1,60 + 9,7 * base,70 + 1,70 + 9,8 * base,80 + 1,80 + 9,9 * base,90 + 1,90 + 9,base not10,base + atom,changes from atom + base to base + atom,100,2 * 100,3 * 100,4 * 100,5 * 100,6 * 100,7 * 100,8 * 100,9 * 100,1000,2 * 1000,http://lingweb.eva.mpg.de/numeral/Irish.htm,,,,1106,https://en.wikipedia.org/wiki/Lebor_na_hUidre
Welsh_N,cym,Celtic,atom,1 + 10 / 1*10+1,2 + 10 / 1*10+2,3 + 10 / 1*10+3,4 + 10 / 1*10+4,5 + 10 / 1*10+5,1 + base / 1*10+6,2 + base / 1*10+7,2 x 9 / 1*10+8,4 + base / 1*10+9,atom + 10 / 1*10 + atom,atom / 2 * 10,20 + 1/ 1 + 20,20 + 2/ 2 + 20,20 + 3/3 + 20,20 + 4/ 4 + 20,20 + 5/ 5 + 20,20 + 6/ 6+ 20,20 + 7/7 + 20,20 + 8/8 + 20 ,20 + 9/9 + 20,10 + 20 / 2 * 10,11 + 20 / 30 + 1,12 + 20 / 30 + 2,19 + 20 / 30 + 9,2 * 20 / 4*10,1 + 2 * 20 / 40 + 1,9 + 2 * 20 / 40 + 9,10 + 2 * 20 / 5 * 10 / 1/2 of 100,1 + 50 / 50 + 1,9 + 50 / 50 + 9,3 * 20 / 6 * 10,1 + 3 * 20 / 60 + 1,9 + 3 * 20 / 60 + 9,10 + 3 * 20 / 7 * 10,11 + 3 * 20 / 70 + 1,19 + 3 * 20 / 70 + 9,4 * 20 / 8*10,1 + 4 * 20 / 80 + 1,9 + 4 * 20 / 80 + 9,10 + 4 * 20 / 9*10,11 + 4 * 20 / 90+1,19 + 4 * 20 / 90 + 9,base 20 / base 10,base + atom / atom + base,multiple orders throughout,100,2 * 100,3 * 100,4 * 100,5 * 100,6 * 100,7 * 100,8 * 100,9 * 100,1000,http://lingweb.eva.mpg.de/numeral/Welsh.htm,"King, Gareth. 2003. Modern Welsh: A comprehensi,ve grammar London: Routledge.",113,,,800 ~ 900,"Vousden, N. (2012).†""St Cadfan's Church, Tywyn"".†Coflein. Royal Commission on the Ancient and Historical Monuments of Wales. Retrieved†13 October†2015."
Cornish,cor,Celtic,atom,1 + 10,2 + 10,3 + 10,4 + 10,5 + 10,6 + 10,7 + 10,8 + 10,9 + 10,atom + 10,atom,1 + 20,2 + 20,3 + 20,4 + 20,5 + 20,6 + 20,7 + 20,8 + 20,9 + 20,10 + 20,11 + 20,12 + 20,19 + 20,2 * 20,1 + 2 * 20,9 + 2 * 20,10 + 2 * 20,11 + 2 * 20,19 + 2 * 20,3 * 20,1 + 3 * 20,9 + 3 * 20,10 + 3*20,11 + 3 * 20,19 + 3 * 20,4 * 20,1 + 4 * 20,9 + 4 * 20,10+ 4 * 20,11 + 4 * 20,19 + 4 * 20,base 20,atom + base,stays atom + base,100,2 * 100,3 * 100,4 * 100,5 * 100,6 * 100,7 * 100,8 * 100,9 * 100,1000 / 10 * 100,2 * 1000,http://lingweb.eva.mpg.de/numeral/Cornish.htm,"Norris, Edwin. 1859. Sketch of Cornish grammar Oxford: Oxford University Press. / Williams, Nicholas J. A. 1997. Clappya Kernowek: An introduction to Unified Cornish Revised Dublin: University College Dublin.",,24-25 / 59,1200 ~ 1250,"Jenner, Henry (1904).†A handbook of the Cornish language. London: David Nutt. p.†25."
Breton_List,bre,Celtic,atom,1 + 10,2 + 10,3 + 10,4 + 10,5 + 10,6 + 10,7 + 10,3 x 6,9 + 10,atom + 10,atom,1 + 20,2 + 20,3 + 20,4 + 20,5 + 20,6 + 20,7 + 20,8 + 20,9 + 20,3 * base,1 + 30,2 + 30,9 + 30,2 * 20,1 + 2 * 20,9 + 2 * 20,1/2 of 100,1 + 50,9 + 50,3 * 20,1 + 3 * 20,9 + 3 * 20,10 + 3 * 20,11 + 3 * 20,19 + 3 * 20,4 * 20,1 + 4 * 20,9 + 4 * 20,10 + 4 * 20,11 + 4 * 20,19 + 4 * 20,base 20,atom + base,stays atom + base,100,2 * 100,3 * 100,4 * 100,5 * 100,6 * 100,7 * 100,8 * 100,9 * 100,1000,http://lingweb.eva.mpg.de/numeral/Breton.htm,"Press, Ian. 1986. A grammar of Modern Breton Berlin: Mouton de Gruyter.",86ff,,,750 ~ 800,"KerlouÈgan, FranÁois (1987).†Le De Excidio Britanniae de Gildas. Les destinÈes de la culture latine dans l'Óle de Bretagne au VIe siËcle. Publications de la Sorbonne. pp.†171ñ172.†ISBN†978-2-85944-064-0."
Latin,lat,Romance,atom,1 + 10,2 + 10,3 + 10,4 + 10,5 + 10,6 + 10,7 + 10,8 + 10 / 20 - 2,9 + 10 / 20 - 1,atom + 10,atom,20 + 1/ 1 + 20,20 + 2/ 2 + 20,20 + 3/3 + 20,20 + 4/ 4 + 20,20 + 5/ 5 + 20,20 + 6/ 6+ 20,20 + 7/7 + 20,20 + 8/8 + 20 / 30-2,20 + 9/9 + 20 / 30-1,3 * base,30 + 1/ 1 + 30,30 + 2/ 2 + 30,30 + 9/ 9 + 30 / 40-1,4 * base,40 + 1/ 1 + 40,40 + 9/ 9 + 40 / 50-1,5 * base,50 + 1/ 1 + 50,50 + 9/ 9+ 50 / 60-1,6 * base,60 + 9/9 + 60,60 + 9/ 9 + 60/70-1,7 * base,70 + 9/ 9 + 70,70 + 9/ 9 + 70 / 80-1,8 * base,80 + 9/9 + 80,80 + 9/ 9 + 80 / 90-1,9 * base,90 + 1/ 1 + 90,90 + 9/ 9 + 90,base not10,atom + base / base + atom / higher base - atom,changes from atom + base to either order,100,2 * 100,3 * 100,4 * 100,5 * 100,6 * 100,7 * 100,8 * 100,9 * 100,1000,2 * 1000,http://lingweb.eva.mpg.de/numeral/Latin.htm,"Bennett, C. E. . 1908. A Latin grammar Boston: Allyn and Bacon.",,45ff,600 ~ 700,"Clackson, James (2011).†A Companion to the Latin Language. John Wiley & Sons. p.†13.†ISBN†978-1-4443-4336-6."
Romanian_List,ron,Romance,atom,1 + 10,2 + 10,3 + 10,4 + 10,5 + 10,6 + 10,7 + 10,8 + 10,9 + 10,atom + 10,2 * 10,20 + 1,20 + 2,20 + 3,20 + 4,20 + 5,20 + 6,20 + 7,20 + 8,20 + 9,3 * 10,30 + 1,30 + 2,30 + 9,4 * 10,40 + 1,40 + 9,5 * 10,50 + 1,50 + 9,6 * 10,60 + 1,60 + 9,7 * 10,70 + 1,70 + 9,8 * 10 ,80 + 1,80 + 9,9 * 10,90 + 1,90 + 9,base 10,base + atom,changes from atom + base to base + atom,100,2 * 100,3 * 100,4 * 100,5 * 100,6 * 100,7 * 100,8 * 100,9 * 100,1000,2 * 1000,http://lingweb.eva.mpg.de/numeral/Rumanian.htm,"Cococaru, Dana. 2004. Romanian grammar: SEELRC.",,103,1521,https://en.wikipedia.org/wiki/Neac%C8%99u%27s_letter
Vlach,rup,Romance,atom,1 + 10,2 + 10,3 + 10,4 + 10,5 + 10,6 + 10,7 + 10,8 + 10,9 + 10,atom + 10,atom,1 + 20,2 + 20,3 + 20,4 + 20,5 + 20,6 + 20,7 + 20,8 + 20,9 + 20,3 * 10,30 + 1,30 + 2,30 + 9,4 * 10,40 + 1,40 + 9,5 * 10,50 + 1,50 + 9,6 * 10,60 + 1,60 + 9,7 * 10,70 + 1,70 + 9,8 * 10 ,80 + 1,80 + 9,9 * 10,90 + 1,90 + 9,base 10,base + atom,changes from atom + base to base + atom,1 * 100,2 * 100,3 * 100,4 * 100,5 * 100,6 * 100,7 * 100,8 * 100,9 * 100,1000,2 * 1000,"Capidan, Theodor. 1932. Arom√¢nii Dialectul Arom√¢n Bucarest: Cultura Na_ional_.",402ff,,,,
Catalan,cat,Romance,atom,atom,2 + base,3 + base,4 + base,5 + base,6 + base,10 + 7,10 + 8,10 + 9,atom + base,atom,20 + 1,20 + 2,20 + 3,20 + 4,20 + 5,20 + 6,20 + 7,20 + 8,20 + 9,3 * base,30 + 1,30 + 2,30 + 9,4 * base,40 + 1,40 + 9,5 * base,50 + 1,50 + 9,6 * base,60 + 1,60 + 9,7 * base,70 + 1,70 + 9,8 * base,80 + 1,80 + 9,9 * base,90 + 1,90 + 9,base not10,base + atom,changes from atom + base to base + atom,100,2 * 100,3 * 100,4 * 100,5 * 100,6 * 100,7 * 100,8 * 100,9 * 100,1000,2 * 1000,http://lingweb.eva.mpg.de/numeral/Catalan.htm,"Wheeler, Max W., Alan Yates & Nicolau Dols. 1999. Catalan: A comprehensive grammar London: Routledge.",,150,1028,"MORAN, J. i J. A. RABELLA (ed.) (2001).†Primers textos de la llengua catalana. Proa (Barcelona).†ISBN†84-8437-156-5."
Portuguese_ST,por,Romance,atom,1 + 10,2 + 10,3 + 10,4 + 10,5 + 10,10 + 6,10 + 7,10 + 8,10 + 9,atom + 10,atom,20 + 1,20 + 2,20 + 3,20 + 4,20 + 5,20 + 6,20 + 7,20 + 8,20 + 9,3 * base,30 + 1,30 + 2,30 + 9,4 * base,40 + 1,40 + 9,5 * base,50 + 1,50 + 9,6 * base,60 + 1,60 + 9,7 * base,70 + 1,70 + 9,8 * base,80 + 1,80 + 9,9 * base,90 + 1,90 + 9,base not10,base + atom,changes from atom + base to base + atom,100,2 * 100,3 * 100,4 * 100,5 * 100,6 * 100,7 * 100,8 * 100,9 * 100,1000,2 * 1000,http://lingweb.eva.mpg.de/numeral/Portuguese.htm,"Hutchinson, Am√©lia P. & Janet Lloyd. 2003. Portuguese: An essential grammar London: Routledge.",,64ff,1536,Grammatica da lingoagem portuguesa†by†Fern„o de Oliveira.
Spanish,spa,Romance,atom,1 + base,2 + base,3 + base,4 + base,5 + base,10 + 6,10 + 7,10 + 8,10 + 9,atom + base,atom,20 + 1,20 + 2,20 + 3,20 + 4,20 + 5,20 + 6,20 + 7,20 + 8,20 + 9,3 * base,30 + 1,30 + 2,30 + 9,4 * base,40 + 1,40 + 9,5 * base,50 + 1,50 + 9,6 * base,60 + 1,60 + 9,7 * base,70 + 1,70 + 9,8 * base,80 + 1,80 + 9,9 * base,90 + 1,90 + 9,base not10,base + atom,changes from atom + base to base + atom,100,2 * 100,3 * 100,4 * 100,5 * 100,6 * 100,7 * 100,8 * 100,9 * 100,1000,2 * 1000,http://lingweb.eva.mpg.de/numeral/Spanish.htm,"Butt, John & Carmen Benjamin. 1994. A new reference grammar of modern Spanish London: Edward Arnold.",,114ff,1000,https://en.wikipedia.org/wiki/Glosas_Emilianenses
Provencal,oci,Romance,atom,1 + base,2 + base,3 + base,4 + base,5 + base,6 + base,10 + 7,10 + 8,10 + 9,atom + base,atom,20 + 1,20 + 2,20 + 3,20 + 4,20 + 5,20 + 6,20 + 7,20 + 8,20 + 9,3 * base,30 + 1,30 + 2,30 + 9,4 * base,40 + 1,40 + 9,5 * base,50 + 1,50 + 9,6 * base,60 + 1,60 + 9,7 * base,70 + 1,70 + 9,8 * base,80 + 1,80 + 9,9 * base,90 + 1,90 + 9,base not10,base + atom,changes from atom + base to base + atom,100,2 * 100,3 * 100,4 * 100,5 * 100,6 * 100,7 * 100,8 * 100,9 * 100,1000,2 * 1000,http://lingweb.eva.mpg.de/numeral/Provencal.htm,"Blanchet, Philippe. 1999. Parlons Proven√ßal Paris: L'Harmattan.",,87ff,,
French,fra,Romance,atom,1 + base,2 + base,3 + base,4 + base,5 + base,6 + base,10 + 7,10 + 8,10 + 9,atom + base,atom,20 + 1,20 + 2,20 + 3,20 + 4,20 + 5,20 + 6,20 + 7,20 + 8,20 + 9,3 * base,30 + 1,30 + 2,30 + 9,4 * base,40 + 1,40 + 9,5 * base,50 + 1,50 + 9,6 * base,60 + 1,60 + 9,6 * base + 10,6 * 10 + 11,6 * 10 + 19,4 * 20,4 * 20 + 1,4 * 20 + 9,4 * 20 + 10,4 * 20 + 10,4 * 20 + 19,base not10,base + atom,changes from atom + base to base + atom,100,2 * 100,3 * 100,4 * 100,5 * 100,6 * 100,7 * 100,8 * 100,9 * 100,1000,2 * 1000,http://lingweb.eva.mpg.de/numeral/French.htm,"Booth, Trudie Maria. 2010. A complete French grammar for reference and practice Lanham: University Press of America.",,1ff,,
Walloon,wln,Romance,atom,1 + base,2 + base,3 + base,4 + base,5 + base,6 + base,10 + 7,10 + 8,10 + 9,atom + base,atom,20 + 1,20 + 2,20 + 3,20 + 4,20 + 5,20 + 6,20 + 7,20 + 8,20 + 9,3 * base,30 + 1,30 + 2,30 + 9,4 * base,40 + 1,40 + 9,5 * base,50 + 1,50 + 9,6 * base,60 + 1,60 + 9,7 * base,70 + 1,70 + 9,4 * 20,4 * 20 + 1,4 * 20 + 9,9 * base,90 + 1,90 + 9,base not10,base + atom,changes from atom + base to base + atom,100,2 * 100,3 * 100,4 * 100,5 * 100,6 * 100,7 * 100,8 * 100,9 * 100,1000,2 * 1000,http://lingweb.eva.mpg.de/numeral/Walloon.htm,,,,,
Sardinian_L,src,Romance,atom,1 + 10,2 + 10,3 + 10,4 + 10,5 + 10,6 + 10,10 + 7,10 + 8,10 + 9,atom + 10,atom,20 + 1,20 + 2,20 + 3,20 + 4,20 + 5,20 + 6,20 + 7,20 + 8,20 + 9,3 * base,30 + 1,30 + 2,30 + 9,4 * base,40 + 1,40 + 9,5 * base,50 + 1,50 + 9,6 * base,60 + 1,60 + 9,7 * base,70 + 1,70 + 9,8 * base,80 + 1,80 + 9,9 * base,90 + 1,90 + 9,base not10,base + atom,changes from atom + base to base + atom,100,2 * 100,3 * 100,4 * 100,5 * 100,6 * 100,7 * 100,8 * 100,9 * 100,1000 / 10 * 100,20 * 100 / 2 * 1000,http://lingweb.eva.mpg.de/numeral/LogudoreseSardinian.htm,"Atzori, Maria Teresa. 1982. Sardegna Pisa: Pacini.",,29-30,,
Romansh,roh,Romance,atom,1 + 10,2 + 10,3 + 10,4 + 10,5 + 10,6 + 10,10 + 7,10 + 8,10 + 9,atom + 10,atom,20 + 1,20 + 2,20 + 3,20 + 4,20 + 5,20 + 6,20 + 7,20 + 8,20 + 9,3 * base,30 + 1,30 + 2,30 + 9,4 * base,40 + 1,40 + 9,5 * base,50 + 1,50 + 9,6 * base,60 + 1,60 + 9,7 * base,70 + 1,70 + 9,8 * base,80 + 1,80 + 9,9 * base,90 + 1,90 + 9,base not10,base + atom,changes from atom + base to base + atom,100,2 * 100,3 * 100,4 * 100,5 * 100,6 * 100,7 * 100,8 * 100,9 * 100,1000,2 * 1000,http://lingweb.eva.mpg.de/numeral/Rumantsch.htm,"Stich, Dominique. 2007. Parlons Romanche Paris: L'Harmattan.",,81,,
Ladin,lld,Romance,atom,1 + 10,2 + 10,3 + 10,4 + 10,5 + 10,6 + 10,10 + 7,10 + 8,10 + 9,atom + 10,atom,20 + 1,20 + 2,20 + 3,20 + 4,20 + 5,20 + 6,20 + 7,20 + 8,20 + 9,3 * base,30 + 1,30 + 2,30 + 9,4 * base,40 + 1,40 + 9,5 * base,50 + 1,50 + 9,6 * base,60 + 1,60 + 9,7 * base,70 + 1,70 + 9,8 * base,80 + 1,80 + 9,9 * base,90 + 1,90 + 9,base not10,base + atom,changes from atom + base to base + atom,100,2 * 100,3 * 100,4 * 100,5 * 100,6 * 100,7 * 100,8 * 100,9 * 100,1000,2 * 1000,http://lingweb.eva.mpg.de/numeral/Ladin.htm,"Valentini, Erwin. 2001. Grammatica d√≠ Ladin Standard Vich: Institut Cultural Ladin ""majon di fascegn"".",,57,,
Italian,ita,Romance,atom,1 + 10,2 + 10,3 + 10,4 + 10,5 + 10,6 + 10,10 + 7,10 + 8,10 + 9,atom + 10,atom,20 + 1,20 + 2,20 + 3,20 + 4,20 + 5,20 + 6,20 + 7,20 + 8,20 + 9,3 * base,30 + 1,30 + 2,30 + 9,4 * base,40 + 1,40 + 9,5 * base,50 + 1,50 + 9,6 * base,60 + 1,60 + 9,7 * base,70 + 1,70 + 9,8 * base,80 + 1,80 + 9,9 * base,90 + 1,90 + 9,base not10,base + atom,changes from atom + base to base + atom,100,2 * 100,3 * 100,4 * 100,5 * 100,6 * 100,7 * 100,8 * 100,9 * 100,1000,2 * 1000,http://lingweb.eva.mpg.de/numeral/Italian.htm,"Maiden, Martin & Robustelli. 2000. A reference grammar of modern Italian Lincolnwood: NTC.",,188ff,960 ~ 963,"Geary, Patrick J. (1999). ""Land, Language and Memory in Europe 700ñ1100"".†Transactions of the Royal Historical Society.†9: 169ñ184.†doi:10.2307/3679398.†p. 182."
Friulian,fur,Romance,atom,1 + 10,2 + 10,3 + 10,4 + 10,5 + 10,6 + 10,10 + 7,10 + 8,10 + 9,atom + 10,atom,20 + 1,20 + 2,20 + 3,20 + 4,20 + 5,20 + 6,20 + 7,20 + 8,20 + 9,3 * base,30 + 1,30 + 2,30 + 9,4 * base,40 + 1,40 + 9,5 * base,50 + 1,50 + 9,6 * base,60 + 1,60 + 9,7 * base,70 + 1,70 + 9,8 * base,80 + 1,80 + 9,9 * base,90 + 1,90 + 9,base not10,base + atom,changes from atom + base to base + atom,100,2 * 100,3 * 100,4 * 100,5 * 100,6 * 100,7 * 100,8 * 100,9 * 100,1000,2 * 1000,http://lingweb.eva.mpg.de/numeral/Friulian.htm,"Frau, Giorgio. 1997. Friuli Pisa: Pacini.",,89,,
Luxembourgish,ltz,Germanic,atom,atom,atom,3 + 10,4 + 10,5 + 10,6 + 10,7 + 10,8 + 10,9 + 10,atom + 10,2 * 10,1 + 20,2 + 20,3 + 20,4 + 20,5 + 20,6 + 20,7 + 20,8 + 20,9 + 20,3 * 10,1 + 30,2 + 30,9 + 30,4 * 10,1  + 40,9 + 40,5 * 10,1 + 50,9 + 50,6 * 10,1 + 60,9 + 60,7 * 10,1 + 70,9 + 70,8 * 10,1 + 80,9 + 80,9 * 10,1 + 90,9 + 90,base 10,atom + base,stays atom + base,100,2 * 100,3 * 100,4 * 100,5 * 100,6 * 100,7 * 100,8 * 100,9 * 100,1000,2 * 1000,http://lingweb.eva.mpg.de/numeral/Luxembourg.htm,"Schanen, Fran√ßois. 2004. Parlons Luxembourgeois Paris: L'Harmattan.",,162-163,,
German_ST ,deu,Germanic,atom,atom,atom,3 + 10,4 + 10,5 + 10,6 + 10,7 + 10,8 + 10,9 + 10,atom + 10,2 * 10,1 + 20,2 + 20,3 + 20,4 + 20,5 + 20,6 + 20,7 + 20,8 + 20,9 + 20,3 *  10,1 + 30,2 + 30,9 + 30,4 * 10,1  + 40,9 + 40,5 * 10,1 + 50,9 + 50,6 * 10,1 + 60,9 + 60,7 * 10,1 + 70,9 + 70,8 * 10,1 + 80,9 + 80,9 * 10,1 + 90,9 + 90,base 10,atom + base,stays atom + base,100,2 * 100,3 * 100,4 * 100,5 * 100,6 * 100,7 * 100,8 * 100,9 * 100,1000,2 * 1000,http://lingweb.eva.mpg.de/numeral/German.htm,,,,1050,
Old_High_German,goh,Germanic,atom,atom,atom,3 + 10,4 + 10,5 + 10,6 + 10,7 + 10,8 + 10,9 + 10,atom + 10,2 * 10,20 + 1/ 1 + 20,20 + 2/ 2 + 20,20 + 3/3 + 20,20 + 4/ 4 + 20,20 + 5/ 5 + 20,20 + 6/ 6+ 20,20 + 7/7 + 20,20 + 8/8 + 20,20 + 9/9 + 20,3 *  10,30 + 1/ 1 + 30,30 + 2/ 2 + 30,30 + 9/ 9 + 30,4 * 10,40 + 1/ 1 + 40,40 + 9/ 9 + 40,5 * 10,50 + 1/ 1 + 50,50 + 9/ 9+ 50,6 * 10,60 + 9/9 + 60,60 + 9/ 9 + 60,7 * 10,70 + 9/ 9 + 70,70 + 9/ 9 + 70,8 * 10,80 + 9/9 + 80,80 + 9/ 9 + 80,9 * 10,90 + 1/ 1 + 90,90 + 9/ 9 + 90,base 10,base + atom / atom + base,changes from atom + base to either order,10 * 10 / 100,2 * 100,3 * 100,4 * 100,5 * 100,6 * 100,7 * 100,8 * 100,9 * 100,1000,"Wright, J. 1906. An Old High German primer Oxford: Oxford University Press.",62ff,,,,550 ~ 600,"D¸wel, Klaus (2004). ""Runic"". In Murdoch, Brian; Read, Malcolm Kevin.†Early Germanic Literature and Culture. Boydell & Brewer. pp.†121ñ147.†ISBN†978-1-57113-199-7."
Dutch_List,nld,Germanic,atom,atom,atom,3 + 10,4 + 10,5 + 10,6 + 10,7 + 10,8 + 10,9 + 10,atom + 10,2 * 10,1 + 20,2 + 20,3 + 20,4 + 20,5 + 20,6 + 20,7 + 20,8 + 20,9 + 20,3 *  10,1 + 30,2 + 30,9 + 30,4 * 10,1  + 40,9 + 40,5 * 10,1 + 50,9 + 50,6 * 10,1 + 60,9 + 60,7 * 10,1 + 70,9 + 70,8 * 10,1 + 80,9 + 80,9 * 10,1 + 90,9 + 90,base 10,atom + base,stays atom + base,100,2 * 100,3 * 100,4 * 100,5 * 100,6 * 100,7 * 100,8 * 100,9 * 100,1000,2 * 1000,http://lingweb.eva.mpg.de/numeral/Dutch.htm,"Shetter, William Z. 1977. Introduction to Dutch. 4th edn. The Hague: Nijhoff.",,65,1550,https://en.wikipedia.org/wiki/Statenvertaling
Frisian,fry,Germanic,atom,atom,atom,3 + 10,4 + 10,5 + 10,6 + 10,7 + 10,8 + 10,9 + 10,atom + 10,2 * 10,1 + 20,2 + 20,3 + 20,4 + 20,5 + 20,6 + 20,7 + 20,8 + 20,9 + 20,3 *  10,1 + 30,2 + 30,9 + 30,4 * 10,1  + 40,9 + 40,5 * 10,1 + 50,9 + 50,6 * 10,1 + 60,9 + 60,7 * 10,1 + 70,9 + 70,8 * 10,1 + 80,9 + 80,9 * 10,1 + 90,9 + 90,base 10,atom + base,stays atom + base,100,2 * 100,3 * 100,4 * 100,5 * 100,6 * 100,7 * 100,8 * 100,9 * 100,1000,2 * 1000,http://lingweb.eva.mpg.de/numeral/WestFrisian.htm,"Tiersma, Pieter Meijes. 1999. Frisian reference grammar Jjouwert: Fryske Akademy.",,83-84,750 ~ 900,https://en.wikipedia.org/wiki/Westeremden_yew-stick
Old_English,ang,Germanic,atom,atom,atom,3 + 10,4 + 10,5 + 10,6 + 10,7 + 10,8 + 10,9 + 10,atom + 10,2 * 10,1 + 20,2 + 20,3 + 20,4 + 20,5 + 20,6 + 20,7 + 20,8 + 20,9 + 20,3 *  10,1 + 30,2 + 30,9 + 30,4 * 10,1 + 40,9 + 40,5 * 10,1 + 50,9 + 50,6 * 10,1 + 60,9 + 60,7 * 10,1 + 70,9 + 70,8 * 10,1 + 80,9 + 80,9 * 10,1 + 90,9 + 90,base 10,atom + base,stays atom + base,10 * 10 / 100,2 * 100,3 * 100,4 * 100,5 * 100,6 * 100,7 * 100,8 * 100,9 * 100,1000,"Hogg, Richard M. & R. D. Fulk. 2011. A grammar of Old English; Volume 2: Morphology Oxford: Wiley-Blackwell.",185ff,,,,700,https://en.wikipedia.org/wiki/Franks_Casket
English_ST,eng,Germanic,atom,atom,atom,3 + 10,4 + 10,5 + 10,6 + 10,7 + 10,8 + 10,9 + 10,atom + 10,2 * 10,20 + 1,20 + 2,20 + 3,20 + 4,20 + 5,20 + 6,20 + 7,20 + 8,20 + 9,3 * 10,30 + 1,30 + 2,30 + 9,4 * 10,40 + 1,40 + 9,5 * 10,50 + 1,50 + 9,6 * 10,60 + 1,60 + 9,7 * 10,70 + 1,70 + 9,8 * 10 ,80 + 1,80 + 9,9 * 10,90 + 1,90 + 9,base 10,base + atom,changes from atom + base to base + atom,1 * 100,2 * 100,3 * 100,4 * 100,5 * 100,6 * 100,7 * 100,8 * 100,9 * 100,1 * 1000,http://lingweb.eva.mpg.de/numeral/English.htm,,,,,1470,
Swedish_List,swe,Germanic,atom,atom,atom,3 + 10,4 + 10,5 + 10,6 + 10,7 + 10,8 + 10,9 + 10,atom + 10,atom,20 + 1,20 + 2,20 + 3,20 + 4,20 + 5,20 + 6,20 + 7,20 + 8,20 + 9,3 * 10,30 + 1,30 + 2,30 + 9,4 * 10,40 + 1,40 + 9,5 * 10,50 + 1,50 + 9,6 * 10,60 + 1,60 + 9,7 * 10,70 + 1,70 + 9,8 * 10 ,80 + 1,80 + 9,9 * 10,90 + 1,90 + 9,base 10,base + atom,changes from atom + base to base + atom,(1 *) 100,2 * 100,3 * 100,4 * 100,5 * 100,6 * 100,7 * 100,8 * 100,9 * 100,(1 *) 1000,2 * 1000,http://lingweb.eva.mpg.de/numeral/Swedish.htm,"Holmes, Philip & Ian Hinchliffe. 2008. Swedish: An essential grammar London: Routledge.",,94,1100,https://en.wikipedia.org/wiki/R%C3%B6k_Runestone
Riksmal,nor,Germanic,atom,atom,atom,3 + 10,4 + 10,5 + 10,6 + 10,7 + 10,8 + 10,9 + 10,atom + 10,atom,20 + 1/ 1 + 20,20 + 2/ 2 + 20,20 + 3/3 + 20,20 + 4/ 4 + 20,20 + 5/ 5 + 20,20 + 6/ 6+ 20,20 + 7/7 + 20,20 + 8/8 + 20,20 + 9/9 + 20,3 * 10 / 3 * base,30 + 1/ 1 + 30,30 + 2/ 2 + 30,30 + 9/ 9 + 30,4 * 10 / 4 * baseS,40 + 1/ 1 + 40,40 + 9/ 9 + 40,5 * 10,50 + 1/ 1 + 50,50 + 9/ 9+ 50,6 * 10,60 + 9/9 + 60,60 + 9/ 9 + 60,7 * 10,70 + 9/ 9 + 70,70 + 9/ 9 + 70,8 * 10 ,80 + 9/9 + 80,80 + 9/ 9 + 80,9 * 10,90 + 1/ 1 + 90,90 + 9/ 9 + 90,base 10,base + atom / atom + base,changes from atom + base to either order,(1 *) 100,2 * 100,3 * 100,4 * 100,5 * 100,6 * 100,7 * 100,8 * 100,9 * 100,(1 *) 1000,2 * 1000,http://lingweb.eva.mpg.de/numeral/Norwegian.htm,"Strandskogen, √Öse-Berit & Rolf Strandskoen. 1999. Norwegian: An essential grammar London: Routledge.",,147-148,,
Danish,dan,Germanic,atom,atom,atom,3 + base,4 + base,5 + base,6 + base,7 + base,8 + base,9 + base,atom + base,2 * base,1 + 20,2 + 20,3 + 20,4 + 20,5 + 20,6 + 20,7 + 20,8 + 20,9 + 20,3 * base,1 + 30,2 + 30,9 + 30,4 * base,1  + 40,9 + 40,2.5 * 20,1 + 50,9 + 50,3 * 20,1 + 60,9 + 60,3.5 * 20,1 + 70,9 + 70,4 * 20,1 + 80,9 + 80,4.5 * 20,1 + 90,9 + 90,base 20,atom + base,stays atom + base,(1 *) 100,2 * 100,3 * 100,4 * 100,5 * 100,6 * 100,7 * 100,8 * 100,9 * 100,(1 *) 1000,2 * 1000,http://lingweb.eva.mpg.de/numeral/Danish.htm,"Allan, Robin, Philip Holmes & Tom Lundsk√¶r-Nielsen. 1995. Danish: A comprehensive grammar London: Routledge.",,51-52,1100,
Faroese,fao,Germanic,atom,atom,atom,3 + base,4 + base,5 + base,6 + base,7 + base,8 + base,9 + base,atom + base,2 * base,20 + 1/ 1 + 20,20 + 2/ 2 + 20,20 + 3/3 + 20,20 + 4/ 4 + 20,20 + 5/ 5 + 20,20 + 6/ 6+ 20,20 + 7/7 + 20,20 + 8/8 + 20,20 + 9/9 + 20,3 * base,30 + 1/ 1 + 30,30 + 2/ 2 + 30,30 + 9/ 9 + 30,4 * base,40 + 1/ 1 + 40,40 + 9/ 9 + 40,2.5 * 20,50 + 1/ 1 + 50,50 + 9/ 9+ 50,3 * 20,60 + 9/9 + 60,60 + 9/ 9 + 60,3.5 * 20,70 + 9/ 9 + 70,70 + 9/ 9 + 70,4 * 20,80 + 9/9 + 80,80 + 9/ 9 + 80,4.5 * 20,90 + 1/ 1 + 90,90 + 9/ 9 + 90,base 20,base + atom / atom + base,changes from atom + base to either order,100,2 * 100,3 * 100,4 * 100,5 * 100,6 * 100,7 * 100,8 * 100,9 * 100,1000,2 * 1000,http://lingweb.eva.mpg.de/numeral/Faroese.htm,"Petersen, Hjalmar P. Adams, Jonathan. Faroese: A language course for beginners; vol. 1 Grammar T√≥rshavn: Sti_in.",,92ff,,
Icelandic_ST,isl,Germanic,atom,atom,atom,3 + base,4 + base,5 + base,6 + base,7 + base,8 + base,9 + base,atom + base,2 * base,20 + 1,20 + 2,20 + 3,20 + 4,20 + 5,20 + 6,20 + 7,20 + 8,20 + 9,3 * 10,30 + 1,30 + 2,30 + 9,4 * 10,40 + 1,40 + 9,5 * 10,50 + 1,50 + 9,6 * 10,60 + 1,60 + 9,7 * 10,70 + 1,70 + 9,8 * 10 ,80 + 1,80 + 9,9 * 10,90 + 1,90 + 9,base 10,base + atom,changes from atom + base to base + atom,(1 *) 100,2 * 100,3 * 100,4 * 100,5 * 100,6 * 100,7 * 100,8 * 100,9 * 100,(1 *) 1000 /  10 * 100,2 * 1000,http://lingweb.eva.mpg.de/numeral/Icelandic.htm,"Einarsson, Stef√°n. 1945. Icelandic: grammar texts, glossary Baltimore: John Hopkins Press.",,63-64,,
Old_Norse,non,Germanic,atom,atom,atom,3 + base,4 + base,5 + base,6 + base,7 + base,8 + base,9 + base,atom + base,atom,20 + 1,20 + 2,20 + 3,20 + 4,20 + 5,20 + 6,20 + 7,20 + 8,20 + 9,3 * base,30 + 1,30 + 2,30 + 9,4 * base,40 + 1,40 + 9,5 * base,50 + 1,50 + 9,6 * base,60 + 1,60 + 9,7 * base,70 + 1,70 + 9,8 * base,80 + 1,80 + 9,9 * base,90 + 1,90 + 9,base not10,base + atom,changes from atom + base to base + atom,10 * base / 100,2 * 100,3 * 100,4 * 100,5 * 100,6 * 100,7 * 100,8 * 100,9 * 100,1000,2 * 1000,"Barnes, Michael. 2008. A new introduction to Old Norse; part 1: Grammar London: University College London.",115ff,,,800,runic inscriptions
Gothic,got,Germanic,atom,atom,atom,3 + 10,4 + 10,5 + 10,6 + 10,7 + 10,8 + 10,9 + 10,atom + 10,2 * base,20 + 1,20 + 2,20 + 3,20 + 4,20 + 5,20 + 6,20 + 7,20 + 8,20 + 9,3 * base,30 + 1,30 + 2,30 + 9,4 * base,40 + 1,40 + 9,5 * base,50 + 1,50 + 9,6 * base,60 + 1,60 + 9,7 * base,70 + 1,70 + 9,8 * base,80 + 1,80 + 9,9 * base,90 + 1,90 + 9,base not10,base + atom,changes from atom + base to base + atom,10 * base,2 * 100,3 * 100,4 * 100,5 * 100,6 * 100,7 * 100,8 * 100,9 * 100,1000,2 * 1000,"Wright, Joseph. 1954. Grammar of the Gothic language Oxford: Clarendon Press.",115,,,300 ~ 400,"Jasanoff, Jay H. (2008). ""Gothic"". In Woodard, Roger D.†The Ancient Languages of Europe. Cambridge University Press. pp.†189ñ214.†ISBN†978-0-521-68495-8."
Czech,ces,Balto-Slavic,atom,1 + base,2 + base,3 + base,4 + base,5 + base,6 + base,7 + base,8 + base,9 + base,atom + base,2 * base,20 + 1/ 1 + 20,20 + 2/ 2 + 20,20 + 3/3 + 20,20 + 4/ 4 + 20,20 + 5/ 5 + 20,20 + 6/ 6+ 20,20 + 7/7 + 20,20 + 8/8 + 20,20 + 9/9 + 20,3 * base,30 + 1/ 1 + 30,30 + 2/ 2 + 30,30 + 9/ 9 + 30,4 * base,40 + 1/ 1 + 40,40 + 9/ 9 + 40,5 * 10,50 + 1/ 1 + 50,50 + 9/ 9+ 50,6 * 10,60 + 9/9 + 60,60 + 9/ 9 + 60,7 * 10,70 + 9/ 9 + 70,70 + 9/ 9 + 70,8 * 10,80 + 9/9 + 80,80 + 9/ 9 + 80,9 * 10,90 + 1/ 1 + 90,90 + 9/ 9 + 90,base 10,base + atom / atom + base,changes from atom + base to either order,100,2 * 100,3 * 100,4 * 100,5 * 100,6 * 100,7 * 100,8 * 100,9 * 100,1000,2 * 1000,http://lingweb.eva.mpg.de/numeral/Czech.htm,"Naughton, James. 2005. Czech: An essential grammar London: Routledge.",,116,1200 ~ 1230,founding charter of the†Litom??ice†chapter
Slovak,slk,Balto-Slavic,atom,1 + base,2 + base,3 + base,4 + base,5 + base,6 + base,7 + base,8 + base,9 + base,atom + base,2 * 10,20 + 1,20 + 2,20 + 3,20 + 4,20 + 5,20 + 6,20 + 7,20 + 8,20 + 9,3 * 10,30 + 1,30 + 2,30 + 9,4 * 10,40 + 1,40 + 9,6 * 10,50 + 1,50 + 9,6 * 10,60 + 1,60 + 9,7 * 10,70 + 1,70 + 9,8 * 10 ,80 + 1,80 + 9,9 * 10,90 + 1,90 + 9,base 10,base + atom,changes from atom + base to base + atom,100,2 * 100,3 * 100,4 * 100,5 * 100,6 * 100,7 * 100,8 * 100,9 * 100,1000,http://lingweb.eva.mpg.de/numeral/Slovak.htm,"Boisserie, Etienne, Diana Jamborov√° & Vlasta K_e_kov√°. 2009. Parlons Slovaque: Une langue slave Paris: L'Harmattan.",204,,,,
Lusatian_L,dsb,Balto-Slavic,atom,1 + base,2 + base,3 + base,4 + base,5 + base,6 + base,7 + base,8 + base,9 + base,atom + base,2 * 10,1 + 20,2 + 20,3 + 20,4 + 20,5 + 20,6 + 20,7 + 20,8 + 20,9 + 20,3 *  10,1 + 30,2 + 30,9 + 30,4 * 10,1  + 40,9 + 40,6 * 10,1 + 50,9 + 50,6 * 10,1 + 60,9 + 60,7 * 10,1 + 70,9 + 70,8 * 10 ,1 + 80,9 + 80,9 * 10,1 + 90,9 + 90,base 10,atom + base,stays atom + base,100,2 * base,3 * base,4 * base,5 * base,6 * base,7 * base,8 * base,9 * base,1000,http://lingweb.eva.mpg.de/numeral/LowerSorbian.htm,"Mucke, Karl Ernst. 1891. Historische und vergleichende Laut- und Formenlehre der niedersorbischen (niederlausitzisch-wendischen) Sprache mit besonderer Beru_cksichtigung der Grenzdialekte und des Obersorbischen Leipzig: Hirzel.",436ff,,,,
Lusatian_U,hsb,Balto-Slavic,atom,1 + base,2 + base,3 + base,4 + base,5 + base,6 + base,7 + base,8 + base,9 + base,atom + base,2 * base,1 + 20,2 + 20,3 + 20,4 + 20,5 + 20,6 + 20,7 + 20,8 + 20,9 + 20,3 * base,1 + 30,2 + 30,9 + 30,4 * base,1 + 40,9 + 40,5 * 10,1 + 50,9 + 50,6 * 10,1 + 60,9 + 60,7 * 10,1 + 70,9 + 70,8 * 10,1 + 80,9 + 80,9 * 10,1 + 90,9 + 90,base 10,atom + base,stays atom + base,100,2 * base,3 * base,4 * base,5 * base,6 * base,7 * base,8 * base,9 * base,1000,2 * 1000,http://lingweb.eva.mpg.de/numeral/UpperSorbian.htm,"Mucke, Karl Ernst. 1891. Historische und vergleichende Laut- und Formenlehre der niedersorbischen (niederlausitzisch-wendischen) Sprache mit besonderer Beru_cksichtigung der Grenzdialekte und des Obersorbischen Leipzig: Hirzel.",,436ff,,
Polish,pol,Balto-Slavic,atom,1 + 10,2 + 10,3 + 10,4 + 10,5 + 10,6 + 10,7 + 10,8 + 10,9 + 10,atom + 10,2 * 10,20 + 1,20 + 2,20 + 3,20 + 4,20 + 5,20 + 6,20 + 7,20 + 8,20 + 9,3 * 10,30 + 1,30 + 2,30 + 9,4 * 10,40 + 1,40 + 9,6 * 10,50 + 1,50 + 9,6 * 10,60 + 1,60 + 9,7 * 10,70 + 1,70 + 9,8 * 10 ,80 + 1,80 + 9,9 * 10,90 + 1,90 + 9,base 10,base + atom,changes from atom + base to base + atom,100,2 * base,3 * 100,4 * 100,5 * baseS,6 * baseS,7 * base,8 * base,9 * base,1000,http://lingweb.eva.mpg.de/numeral/Polish.htm,"Swan, Oscar E. 2002. A grammar of contemporary Polish Bloomington: Slavica.",189,,,1270,https://en.wikipedia.org/wiki/Book_of_Henryk%C3%B3w
Byelorussian,bel,Balto-Slavic,atom,1 + base,2 + base,3 + base,4 + base,5 + base,6 + base,7 + base,8 + base,9 + base,atom + base,2 * base,20 + 1,20 + 2,20 + 3,20 + 4,20 + 5,20 + 6,20 + 7,20 + 8,20 + 9,3 * base,30 + 1,30 + 2,30 + 9,atom,40 + 1,40 + 9,5 * 10,50 + 1,50 + 9,6 * 10,60 + 1,60 + 9,7 * 10,70 + 1,70 + 9,8 * 10 ,80 + 1,80 + 9,9 * base,90 + 1,90 + 9,base 10,base + atom,changes from atom + base to base + atom,100,2 * 100,3 * 100,4 * 100,5 * 100,6 * 100,7 * 100,8 * 100,9 * 100,1000,2 * 1000,http://lingweb.eva.mpg.de/numeral/Byelorussian.htm,"Symaniec, Virginie & Alexandra Goujon. 1997. Parlons Bielorussien Paris: L'Harmattan.",,102-103,1517,Psalter†of†Francysk Skaryna
Ukrainian,ukr,Balto-Slavic,atom,1 + 10,2 + 10,3 + 10,4 + 10,5 + 10,1,7 + 10,8 + 10,9 + 10,atom + 10,2 * 10,20 + 1,20 + 2,20 + 3,20 + 4,20 + 5,20 + 6,20 + 7,20 + 8,20 + 9,3 * 10,30 + 1,30 + 2,30 + 9,atom,40 + 1,40 + 9,6 * 10,50 + 1,50 + 9,6 * 10,60 + 1,60 + 9,7 * 10,70 + 1,70 + 9,8 * 10 ,80 + 1,80 + 9,9 * base,90 + 1,90 + 9,base 10,base + atom,changes from atom + base to base + atom,100,2 * 100,3 * 100,4 * 100,5 * 100,6 * 100,7 * 100,8 * 100,9 * 100,1000,2 * 1000,http://lingweb.eva.mpg.de/numeral/Ukrainian.htm,"Pugh, Stefan M. & Ian Press. 1999. Ukranian: A comprehensive grammar London: Routledge.",,189,1561,https://en.wikipedia.org/wiki/Peresopnytsia_Gospel
Russian,rus,Balto-Slavic,atom,1 + 10,2 + 10,3 + 10,4 + 10,5 + 10,6 + 10,7 + 10,8 + 10,9 + 10,atom + 10,2 * base,20 + 1,20 + 2,20 + 3,20 + 4,20 + 5,20 + 6,20 + 7,20 + 8,20 + 9,3 * base,30 + 1,30 + 2,30 + 9,atom,40 + 1,40 + 9,5 * 10,50 + 1,50 + 9,6 * 10,60 + 1,60 + 9,7 * 10,70 + 1,70 + 9,8 * 10 ,80 + 1,80 + 9,9 * base,90 + 1,90 + 9,base 10,base + atom,changes from atom + base to base + atom,100,2 * 100,3 * 100,4 * 100,5 * 100,6 * 100,7 * 100,8 * 100,9 * 100,1000,2 * 1000,http://lingweb.eva.mpg.de/numeral/Russian.htm,"Andrews, Edna. 2004. Russian: SEELRC.",,57ff,,
Bulgarian,bul,Balto-Slavic,atom,1 + 10,2 + 10,3 + 10,4 + 10,5 + 10,6 + 10,7 + 10,8 + 10,9 + 10,atom + 10,2 * 10,20 + 1,20 + 2,20 + 3,20 + 4,20 + 5,20 + 6,20 + 7,20 + 8,20 + 9,3 * 10,30 + 1,30 + 2,30 + 9,4 * 10,40 + 1,40 + 9,5 * 10,50 + 1,50 + 9,6 * 10,60 + 1,60 + 9,7 * 10,70 + 1,70 + 9,8 * 10 ,80 + 1,80 + 9,9 * 10,90 + 1,90 + 9,base 10,base + atom,changes from atom + base to base + atom,100,2 * 100,3 * 100,4 * 100,5 * 100,6 * 100,7 * 100,8 * 100,9 * 100,1000,2 * 1000,http://lingweb.eva.mpg.de/numeral/Bulgarian.htm,"Antova, Evgenia, Ekaterina Boytchinova & Poly Benatova. 2002. A short grammar of Bulgarian for English speaking learners Sofia: ABM.",,68-69,,
Macedonian,mkd,Balto-Slavic,atom,1 + 10,2 + 10,3 + 10,4 + 10,5 + 10,6 + 10,7 + 10,8 + 10,9 + 10,atom + 10,2 * 10,20 + 1,20 + 2,20 + 3,20 + 4,20 + 5,20 + 6,20 + 7,20 + 8,20 + 9,3 * 10,30 + 1,30 + 2,30 + 9,4 * 10,40 + 1,40 + 9,5 * 10,50 + 1,50 + 9,6 * 10,60 + 1,60 + 9,7 * 10,70 + 1,70 + 9,8 * 10 ,80 + 1,80 + 9,9 * 10,90 + 1,90 + 9,base 10,base + atom,changes from atom + base to base + atom,100,2 * 100,3 * 100,4 * 100,5 * 100,6 * 100,7 * 100,8 * 100,9 * 100,1000,http://lingweb.eva.mpg.de/numeral/Macedonia.htm,"Foulon-Hristova, Jordanka. 1998. Grammaire pratique du Mac√©donien: Langues Mondes.",105,,,,
Serbocroatian,hrv / srp,Balto-Slavic,atom,1 + 10,2 + 10,3 + 10,4 + 10,5 + 10,6 + 10,7 + 10,8 + 10,9 + 10,atom + 10,2 * 10,20 + 1,20 + 2,20 + 3,20 + 4,20 + 5,20 + 6,20 + 7,20 + 8,20 + 9,3 * 10,30 + 1,30 + 2,30 + 9,4 * 10,40 + 1,40 + 9,5 * 10,50 + 1,50 + 9,6 * 10,60 + 1,60 + 9,7 * 10,70 + 1,70 + 9,8 * 10 ,80 + 1,80 + 9,9 * 10,90 + 1,90 + 9,base 10,base + atom,changes from atom + base to base + atom,100,2 * 100,3 * 100,4 * 100,5 * 100,6 * 100,7 * 100,8 * 100,9 * 100,1000,2 * 1000,http://lingweb.eva.mpg.de/numeral/SerboCroatian.htm,"Alexander, Ronelle. 2006. Bosnian, Croatian, Serbian, a gramma: With sociolinguistic commentary Madison: University of Wisconsin Press.",,197ff,1186 ~ 1190,https://en.wikipedia.org/wiki/Miroslav_Gospel
Old_Church_Slavonic,chu,Balto-Slavic,atom,1 + 10,2 + 10 / atom,3 + 10,4 + 10,5 + 10,6 + 10,7 + 10,8 + 10,9 + 10,atom + 10,2 * 10,20 + 1,20 + 2,20 + 3,20 + 4,20 + 5,20 + 6,20 + 7,20 + 8,20 + 9,3 * 10,30 + 1,30 + 2,30 + 9,4 * 10,40 + 1,40 + 9,5 * 10,50 + 1,50 + 9,6 * 10,60 + 1,60 + 9,7 * 10,70 + 1,70 + 9,8 * 10 ,80 + 1,80 + 9,9 * 10,90 + 1,90 + 9,base 10,base + atom,changes from atom + base to base + atom,100,2 * 100,3 * 100,4 * 100,5 * 100,6 * 100,7 * 100,8 * 100,9 * 100,1000,"Lunt, Horace G. 2001. Old Church Slavonic grammar Berlin: Mouton de Gruyter.",153,,,,862,religious literature translated by†Cyril†and†Methodius
Slovenian,slv,Balto-Slavic,atom,1 + base,2 + base,3 + base,4 + base,5 + base,6 + base,7 + base,8 + base,9 + base,atom + base,2 * 10,1 + 20,2 + 20,3 + 20,4 + 20,5 + 20,6 + 20,7 + 20,8 + 20,9 + 20,3 *  10,1 + 30,2 + 30,9 + 30,4 * 10,1  + 40,9 + 40,5 * 10,1 + 50,9 + 50,6 * 10,1 + 60,9 + 60,7 * 10,1 + 70,9 + 70,8 * 10,1 + 80,9 + 80,9 * 10,1 + 90,9 + 90,base 10,atom + base,stays atom + base,100,2 * 100,3 * 100,4 * 100,5 * 100,6 * 100,7 * 100,8 * 100,9 * 100,1000,http://lingweb.eva.mpg.de/numeral/Slovene.htm,"Derbyshire, William W. 1993. A basic reference grammar of Slovene Columbus: Slavica.",54-55,,,,
Latvian,lav,Balto-Slavic,atom,1 + 10,2 + 10,3 + 10,4 + 10,5 + 10,6 + 10,7 + 10,8 + 10,9 + 10,atom + 10,2 * 10,20 + 1,20 + 2,20 + 3,20 + 4,20 + 5,20 + 6,20 + 7,20 + 8,20 + 9,3 * 10,30 + 1,30 + 2,30 + 9,4 * 10,40 + 1,40 + 9,5 * 10,50 + 1,50 + 9,6 * 10,60 + 1,60 + 9,7 * 10,70 + 1,70 + 9,8 * 10 ,80 + 1,80 + 9,9 * 10,90 + 1,90 + 9,base 10,base + atom,changes from atom + base to base + atom,100,2 * 100,3 * 100,4 * 100,5 * 100,6 * 100,7 * 100,8 * 100,9 * 100,1000,2 * 1000,http://lingweb.eva.mpg.de/numeral/Latvian.htm,"Mathiassen, Terje. 1997. A short grammar of Latvian Columbus: Slavica.",,74ff,1530,Nicholas Ramm's translation of a hymn
Lithuanian_ST,lit,Balto-Slavic,atom,1 + base,2 + base,3 + base,4 + base,5 + base,6 + base,7 + base,8 + base,9 + base,atom + base,2 * 10,20 + 1,20 + 2,20 + 3,20 + 4,20 + 5,20 + 6,20 + 7,20 + 8,20 + 9,3 * 10,30 + 1,30 + 2,30 + 9,4 * 10,40 + 1,40 + 9,5 * 10,50 + 1,50 + 9,6 * 10,60 + 1,60 + 9,7 * 10,70 + 1,70 + 9,8 * 10 ,80 + 1,80 + 9,9 * 10,90 + 1,90 + 9,base 10,base + atom,changes from atom + base to base + atom,100,2 * 100,3 * 100,4 * 100,5 * 100,6 * 100,7 * 100,8 * 100,9 * 100,1000,2 * 1000,http://lingweb.eva.mpg.de/numeral/Lithuanian.htm,"Dambri_nas, Leonardas, Antanas Klimas & William R. Schmalstieg. 1966. Introduction to modern Lithuanian New York: Franciscan Fathers.",,183ff,1503,"Schmalstieg, Walter R. (1998). ""The Baltic Languages"". In Ramat, Anna Giacalone; Ramat, Paolo.†The Indo-European Languages. Routledge. pp.†454ñ479.†ISBN†978-0-415-06449-1.†page 459."
Lahnda,skr,Indo-Aryan,atom,1 + base,2 + base,3 + base,4 + base,5 + base,6 + base,7 + base,8 + base,20-Jan,atom + base,atom,1 + 20,2 + 20,3 + 20,4 + 20,5 + 20,6 + 20,7 + 20,8 + 20,30-Jan,3 * base,1 + 30,2 + 30,Jan-40,4 * base,1 + 40,Jan-50,5 * base,1 + 50,Jan-60,6 * base,1 + 60,Jan-70,7 * base,1 + 70,Jan-80,8 * base,1 + 80,Jan-90,9 * base,1 + 90,9 + 90,base not10,atom + base / higher base - atom,stays atom + base,100,2 * 100,3 * 100,4 * 100,5 * 100,6 * 100,7 * 100,8 * 100,9 * 100,1000,2 * 1000,http://lingweb.eva.mpg.de/numeral/Siraiki.htm,"Shackle, Christopher. 1976. The Siraiki language of Central Pakistan London: School of Oriental and African Studies.",,51ff,,
Urdu,urd,Indo-Aryan,atom,1 + base,2 + base,3 + base,4 + base,5 + base,6 + base,7 + base,8 + base,20-Jan,atom + base,atom,1 + 20,2 + 20,3 + 20,4 + 20,5 + 20,6 + 20,7 + 20,8 + 20,30-Jan,3 * base,1 + 30,2 + 30,Jan-40,4 * base,1  + 40,Jan-50,5 * base,1 + 50,Jan-60,6 * base,1 + 60,Jan-70,7 * base,1 + 70,Jan-80,8 * base,1 + 80,9 + 80,9 * base,1 + 90,9 + 90,base not10,atom + base / higher base - atom,stays atom + base,(1 *) 100,2 * 100,3 * 100,4 * 100,5 * 100,6 * 100,7 * 100,8 * 100,9 * 100,1 * 1000,"Bender, Ernest. 1967. Urdu: Grammar and reader New Delhi: Bahri Publications.","35, - 67",,,,,
Hindi,hin,Indo-Aryan,atom,1 + base,2 + base,3 + base,4 + base,5 + base,6 + base,7 + base,8 + base,20-Jan,atom + base,atom,1 + 20,2 + 20,3 + 20,4 + 20,5 + 20,6 + 20,7 + 20,8 + 20,30-Jan,3 * base,1 + 30,2 + 30,Jan-40,4 * base,1 + 40,Jan-50,5 * base,1 + 50,Jan-60,6 * base,1 + 60,Jan-70,7 * base,1 + 70,Jan-80,8 * base,1 + 80,9 + 80,9 * base,1 + 90,9 + 90,base not10,atom + base / higher base - atom,stays atom + base,(1 *) 100,2 * 100,3 * 100,4 * 100,5 * 100,6 * 100,7 * 100,8 * 100,9 * 100,1000,2 * 1000,http://lingweb.eva.mpg.de/numeral/Hindi.htm,"Kachru, Yamuna. 2006. Hindi Amsterdam: John Benjamins.",,56ff,769,Dohakosh†by†Saraha
Bihari,mai,Indo-Aryan,atom,1 + base,2 + base,3 + base,4 + base,5 + base,6 + base,7 + base,8 + base,20-Jan,atom + base,atom,1 + 20,2 + 20,3 + 20,4 + 20,5 + 20,6 + 20,7 + 20,8 + 20,30-Jan,3 * base,1 + 30,2 + 30,Jan-40,4 * base,1 + 40,Jan-50,5 * base,1 + 50,Jan-60,6 * base,1 + 60,Jan-70,7 * base,1 + 70,Jan-80,8 * base,1 + 80,9 + 80,9 * base,1 + 90,9 + 90,base not10,atom + base / higher base - atom,stays atom + base,(1 *) 100,2 * 100,3 * 100,4 * 100,5 * 100,6 * 100,7 * 100,8 * 100,9 * 100,1 * 1000,2 * 1000,http://lingweb.eva.mpg.de/numeral/Maithili.htm,"Yadav, Ramawatar. 1996. A reference grammar of Maithili Berlin: Mouton de Gruyter.",,141ff,,
Gujarati ,guj,Indo-Aryan,atom,1 + base,2 + base,3 + base,4 + base,5 + base,6 + base,7 + base,8 + base,20-Jan,atom + base,atom,1 + 20,2 + 20,3 + 20,4 + 20,5 + 20,6 + 20,7 + 20,8 + 20,30-Jan,3 * base,1 + 30,2 + 30,Jan-40,4 * base,1 + 40,Jan-50,5 * base,1 + 50,Jan-60,6 * base,1 + 60,Jan-70,7 * base,1 + 70,Jan-80,atom,1 + 80,9 + 80,9 * base,1 + 90,9 + 90,base not10,atom + base / higher base - atom,stays atom + base,(1 *) 100,2 * 100,3 * 100,4 * 100,5 * 100,6 * 100,7 * 100,8 * 100,9 * 100,1000,2 * 1000,http://lingweb.eva.mpg.de/numeral/Gujarati.htm,"Cardona, George. 1965. A Gujarati reference grammar Philadelphia: University of Pennsylvania Press.",,34-35,,
Marathi,mar,Indo-Aryan,atom,1 + base,2 + base,3 + base,4 + base,5 + base,6 + base,7 + base,8 + base,20-Jan,atom + base,atom,1 + 20,2 + 20,3 + 20,4 + 20,5 + 20,6 + 20,7 + 20,8 + 20,30-Jan,3 * base,1 + 30,2 + 30,Jan-40,4 * base,1 + 40,Jan-50,5 * base,1 + 50,Jan-60,6 * base,1 + 60,Jan-70,7 * base,1 + 70,Jan-80,8 * base,1 + 80,Jan-90,9 * base,1 + 90,9 + 90,base not10,atom + base / higher base - atom,stays atom + base,100,2 * base,3 * base,4 * base,5 * base,6 * base,7 * base,8 * base,9 * base,1000,2 * 1000,http://lingweb.eva.mpg.de/numeral/Marathi.htm,"Kshirsagar, Aparna & Jean Pacquement. 2000. Parlons Marathi: Langue, histoire et vie quotidienne du pays marathe Paris: L'Harmattan.",,63ff,950 ~ 1000,inscription on†Bahubali†statue at†Shravanabelagola[
Marwari,rwr,Indo-Aryan,atom,atom,2 + base,3 + base,4 + base,5 + base,6 + base,7 + base,8 + base,20-Jan,atom + base,atom,1 + 20,2 + 20,3 + 20,4 + 20,5 + 20,6 + 20,7 + 20,8 + 20,30-Jan,3 * base,1 + 30,2 + 30,Jan-40,4 * base,1 + 40,Jan-50,5 * base,1 + 50,Jan-60,6 * base,1 + 60,Jan-70,7 * base,1 + 70,Jan-80,8 * base,1 + 80,9 + 80,9 * base,1 + 90,9 + 90,base not10,atom + base / higher base - atom,stays atom + base,100,2 * 100,3 * 100,4 * 100,5 * 100,6 * 100,7 * 100,8 * 100,9 * 100,1000,2 * 1000,http://lingweb.eva.mpg.de/numeral/MarwariBhil.htm,"Gusain, Lakhan. 2004. Marwari M√ºnchen: Lincom.",,27,,
Sindhi,snd,Indo-Aryan,atom,1 + base,2 + base,3 + base,4 + base,5 + base,6 + base,7 + base,8 + base,20-Jan,atom + base,atom,1 + 20,2 + 20,3 + 20,4 + 20,5 + 20,6 + 20,7 + 20,8 + 20,30-Jan,3 * base,1 + 30,2 + 30,Jan-40,4 * base,1 + 40,Jan-50,5 * base,1 + 50,Jan-60,6 * base,1 + 60,Jan-70,7 * base,1 + 70,Jan-80,8 * base,1 + 80,Jan-90,atom,1 + 90,9 + 90,base not10,atom + base / higher base - atom,stays atom + base,1 * 100,2 * 100,3 * 100,4 * 100,5 * 100,6 * 100,7 * 100,8 * 100,9 * 100,1000,2 * 1000,http://lingweb.eva.mpg.de/numeral/Sindhi.htm,"Trumpp, Ernest. 1872. Grammar of the Sindhi language London: Tr√ºbner.",,157ff,,
Assamese,asm,Indo-Aryan,atom,1 + base,2 + base,3 + base,4 + base,5 + base,6 + base,7 + base,8 + base,20-Jan,atom + base,atom,1 + 20,2 + 20,3 + 20,4 + 20,5 + 20,6 + 20,7 + 20,8 + 20,30-Jan,3 * base,1 + 30,2 + 30,Jan-40,4 * base,1 + 40,Jan-50,5 * base,1 + 50,Jan-60,6 * base,1 + 60,Jan-70,7 * base,1 + 70,Jan-80,8 * base,1 + 80,Jan-90,9 * base,1 + 90,9 + 90,base not10,atom + base / higher base - atom,stays atom + base,1 * 100,2 * 100,3 * 100,4 * 100,5 * 100,6 * 100,7 * 100,8 * 100,9 * 100,1 * 1000,2 * 1000,http://lingweb.eva.mpg.de/numeral/Assamese.htm,"Goswami, Upendranath. 1970. A study on K_mr_p_: A dialect of Assamese Gauhati: Department of Historical and Antiquarian Studies.",,116,,
Oriya,ory,Indo-Aryan,atom,1 + base,2 + base,3 + base,4 + base,5 + base,6 + base,7 + base,8 + base,20-Jan,atom + base,atom,1 + 20,2 + 20,3 + 20,4 + 20,5 + 20,6 + 20,7 + 20,8 + 20,30-Jan,3 * base,1 + 30,2 + 30,Jan-40,4 * base,1 + 40,Jan-50,5 * base,1 + 50,Jan-60,6 * base,1 + 60,Jan-70,7 * base,1 + 70,Jan-80,8 * base,1 + 80,Jan-90,9 * base,1 + 90,100-1,base not10,atom + base / higher base - atom,stays atom + base,1 * 100,2 * 100,3 * 100,4 * 100,5 * 100,6 * 100,7 * 100,8 * 100,9 * 100,1000 / 100 * base,2 * 1000,http://lingweb.eva.mpg.de/numeral/Oriya.htm,"Neukom, Lukas & Manideepa Patnaik. 2003. A grammar of Oriya Z√ºrich: Seminar fu_r Allgemeine Sprachwissenschaft.",,129ff,,
Bengali,ben,Indo-Aryan,atom,1 + base,2 + base,3 + base,4 + base,5 + base,6 + base,7 + base,8 + base,20-Jan,atom + base,atom,1 + 20,2 + 20,3 + 20,4 + 20,5 + 20,6 + 20,7 + 20,8 + 20,30-Jan,3 * base,1 + 30,2 + 30,Jan-40,4 * base,1 + 40,Jan-50,5 * base,1 + 50,Jan-60,6 * base,1 + 60,Jan-70,7 * base,1 + 70,Jan-80,8 * base,1 + 80,Jan-90,9 * base,1 + 90,9 + 90,base not10,atom + base / higher base - atom,stays atom + base,1 * 100,2 * 100,3 * 100,4 * 100,5 * 100,6 * 100,7 * 100,8 * 100,9 * 100,1 * 1000,2 * 1000,http://lingweb.eva.mpg.de/numeral/Bengali.htm,"Thompson, Hanne-Ruth. 2012. Bengali Amsterdam: John Benjamins.",,372ff,1400 ~ 1450,"Thompson, Hanne-Ruth (2012).†Bengali. John Benjamins. p.†3.†ISBN†978-90-272-3819-1."
Nepali_List,npi,Indo-Aryan,atom,1 + base,2 + base,3 + base,4 + base,5 + base,6 + base,7 + base,8 + base,20-Jan,atom + base,atom,1 + 20,2 + 20,3 + 20,4 + 20,5 + 20,6 + 20,7 + 20,8 + 20,30-Jan,3 * base,1 + 30,2 + 30,Jan-40,4 * base,1 + 40,Jan-50,5 * base,1 + 50,Jan-60,6 * base,1 + 60,Jan-70,7 * base,1 + 70,Jan-80,8 * base,1 + 80,Jan-90,9 * base,1 + 90,100-1,base not10,atom + base / higher base - atom,stays atom + base,(1 *) 100,2 * 100,3 * 100,4 * 100,5 * 100,6 * 100,7 * 100,8 * 100,9 * 100,(1 *) 1000,2 * 1000,http://lingweb.eva.mpg.de/numeral/Nepali.htm,"Matthews, David. 1984. A course in Nepali London: School for Oriental and African Studies. /  Acharya, Jayaraj. 1991. A descriptive grammar of Nepali and an analyzed corpus Washington D.C.: Georgetown University Press.",,252 / 93ff,,
Kashmiri ,kas,Indo-Aryan,atom,atom,atom,3 + 10,4 + 10,5 + 10,6 + 10,7 + 10,8 + 10,20-Jan,atom + 10,atom,1 + 20,2 + 20,3 + 20,4 + 20,5 + 20,6 + 20,7 + 20,8 + 20,30-Jan,3 * base,1 + 30,2 + 30,Jan-40,4 * base,1 + 40,Jan-50,5 * base,1 + 50,Jan-60,6 * base,1 + 60,Jan-70,7 * base,1 + 70,Jan-80,8 * base,1 + 80,Jan-90,9 * base,1 + 90,9 + 90,base not10,atom + base / higher base - atom,stays atom + base,(1 *) 100,2 * 100,3 * 100,4 * 100,5 * 100,6 * 100,7 * 100,8 * 100,9 * 100,(1 *) 1000,http://lingweb.eva.mpg.de/numeral/Kashmiri.htm,"Wali, Kashi & Omkar N. Koul. 1996. Kashmiri: A cognitive-descriptive grammar London: Routledge.",261ff,,,1250,"Das, Sisir Kumar†(2005).†A history of Indian literature, AD.500ñ1399: from courtly to the popular. Sahitya Akademi. p.†193.†ISBN†978-81-260-2171-0."
Singhalese,sin,Indo-Aryan,atom,1 + base,2 + base,10 + 3,10 + 4,5 + base,10 + 6,10 + 7,10 + 8,10 + 9,10 + atom,atom,20 + 1,20 + 2,20 + 3,20 + 4,20 + 5,20 + 6,20 + 7,20 + 8,20 + 9,3 * base,30 + 1,30 + 2,30 + 9,4 * base,40 + 1,40 + 9,5 * base,50 + 1,50 + 9,6 * base,60 + 1,60 + 9,7 * base,70 + 1,70 + 9,atom,80 + 1,80 + 9,atom,90 + 1,90 + 9,base not10,base + atom,changes from atom + base to base + atom,100,2 * 100,3 * 100,4 * 100,5 * 100,6 * 100,7 * 100,8 * 100,9 * 100,1000,http://lingweb.eva.mpg.de/numeral/Sinhala.htm,"Chandralal, D. 2010. Sinhala Amsterdam: John Benjamins. / Gair, James W. 1970. Colloquial Sinhalese clause structures The Hague: Mouton.",58ff / 30,,,,
Vedic_Sanskrit,san,Indo-Aryan,atom,1 + 10,2 + 10,3 + 10,4 + 10,5 + 10,6 + 10,7 + 10,8 + 10,9 + 10 / 20-1,atom + 10,atom,1 + 20,2 + 20,3 + 20,4 + 20,5 + 20,6 + 20,7 + 20,8 + 20,9 + 20 / 30-1,3 * base,1 + 30,2 + 30,9 + 30 / 40-1,4 * base,1 + 40,9 + 40 / 50-1,5 * base,1 + 50,9 + 50 / 60-1,6 * base,1 + 60,9 + 60 / 70-1,7 * base,1 + 70,9 + 70 / 80-1,8 * base,1 + 80,9 + 80 / 90-1,9 * base,1 + 90,9 + 90 / 100-1,base not10,atom + base / higher base - atom,stays atom + base,100,2 * 100,3 * 100,4 * 100,5 * 100,6 * 100,7 * 100,8 * 100,9 * 100,1000 / 10 * 100,"MacDonell, Arthur Anthony. 1927. Sanskrit grammar for students Oxford: Oxford University Press. / Whitney, William Dwight. 1879. A Sanskrit grammar Leipzig: Breitkopf and H√§rtel.",67ff / 160ff,,,,1500BC,https://en.wikipedia.org/wiki/Rigveda
Tadzik,tgk,Iranian,atom,1 + 10,2 + 10,3 + 10,4 + 10,5 + 10,6 + 10,7 + 10,8 + 10,9 + 10,atom + 10,atom,20 + 1,20 + 2,20 + 3,20 + 4,20 + 5,20 + 6,20 + 7,20 + 8,20 + 9,3 * base,30 + 1,30 + 2,30 + 9,4 * base,40 + 1,40 + 9,5 * base,50 + 1,50 + 9,6 * base,60 + 1,60 + 9,7 * base,70 + 1,70 + 9,8 * base,80 + 1,80 + 9,9 * base,90 + 1,90 + 9,base not10,base + atom,changes from atom + base to base + atom,100,2 * 100,3 * 100,4 * 100,5 * 100,6 * 100,7 * 100,8 * 100,9 * 100,1000,2 * 1000,http://lingweb.eva.mpg.de/numeral/Tajiki.htm,"Ido, Shinji. 2005. Tajik M√ºnchen: Lincom.",,34-35,,
Persian_List,pes,Iranian,atom,1 + 10,2 + 10,3 + 10,4 + 10,5 + 10,6 + 10,7 + 10,8 + 10,9 + 10,atom + 10,atom,20 + 1,20 + 2,20 + 3,20 + 4,20 + 5,20 + 6,20 + 7,20 + 8,20 + 9,3 * base,30 + 1,30 + 2,30 + 9,4 * base,40 + 1,40 + 9,5 * base,50 + 1,50 + 9,6 * base,60 + 1,60 + 9,7 * base,70 + 1,70 + 9,8 * base,80 + 1,80 + 9,9 * base,90 + 1,90 + 9,base not10,base + atom,changes from atom + base to base + atom,100,atom,3 * 100,4 * 100,5 * 100,6 * 100,7 * 100,8 * 100,9 * 100,1000,2 * 1000,http://lingweb.eva.mpg.de/numeral/Persian.htm,"Lambton, Ann K. 1957. Persian grammar Cambridge: Cambridge University Press.",,37ff,750,
Kurdish,ckb,Iranian,atom,1 + 10,2 + 10,3 + 10,4 + 10,5 + 10,6 + 10,7 + 10,8 + 10,9 + 10,atom + 10,atom,20 + 1,20 + 2,20 + 3,20 + 4,20 + 5,20 + 6,20 + 7,20 + 8,20 + 9,3 * base,30 + 1,30 + 2,30 + 9,4 * base,40 + 1,40 + 9,5 * base,50 + 1,50 + 9,6 * base,60 + 1,60 + 9,7 * base,70 + 1,70 + 9,8 * base,80 + 1,80 + 9,9 * base,90 + 1,90 + 9,base not10,base + atom,changes from atom + base to base + atom,100,2 * 100,3 * 100,4 * 100,5 * 100,6 * 100,7 * 100,8 * 100,9 * 100,1000,2 * 1000,http://lingweb.eva.mpg.de/numeral/Kurdish-Central-Sorani.htm,"Thackston, W. M. . no date. Sorani Kurdish: A reference grammar with selective readings: No publisher stated. / Blau, Joyce. 1980. Manuel de Kurde (dialecte Sorani) Paris: Librarie C. Klinksieck.",,17 / 79,,
Baluchi,bcc,Iranian,atom,1 + 10,2 + 10,3 + 10,4 + 10,5 + 10,6 + 10,7 + 10,8 + 10,9 + 10,atom + 10,atom,20 + 1,20 + 2,20 + 3,20 + 4,20 + 5,20 + 6,20 + 7,20 + 8,20 + 9,3 * base,30 + 1,30 + 2,30 + 9,4 * base,40 + 1,40 + 9,5 * base,50 + 1,50 + 9,6 * base,60 + 1,60 + 9,7 * base,70 + 1,70 + 9,8 * base,80 + 1,80 + 9,9 * base,90 + 1,90 + 9,base not10,base + atom,changes from atom + base to base + atom,100,2 * 100,3 * 100,4 * 100,5 * 100,6 * 100,7 * 100,8 * 100,9 * 100,1000,http://lingweb.eva.mpg.de/numeral/Balochi.htm,"Korn, Agnes. 2005. Towards a historical grammar of Balochi Wiesbaden: Reichert.",226ff,,,,
Afghan,pst,Iranian,atom,1 + 10,2 + 10,3 + 10,4 + 10,5 + 10,6 + 10,7 + 10,8 + 10,9 + 10,atom + 10,atom / atom,1 + 20,2 + 20,3 + 20,4 + 20,5 + 20,6 + 20,7 + 20,8 + 20,9 + 20 / 30-1,3 * base,1 + 30,2 + 30,9 + 30 / 40-1,4 * base / 2 * 20,1  + 40,9 + 40 / 50-1,5 * base,1 + 50,9 + 50 / 60-1,6 * base / 3 * 20,1 + 60,9 + 60 / 70-1,7 * base,1 + 70,9 + 70 / 80-1,8 * base / 4 * 20,1 + 80,9 + 80 / 90-1,9 * base,1 + 90,9 + 90 / 100-1,base not10,atom + base / higher base - atom,stays atom + base,(1 *) 100,2 * 100,3 * 100,4 * 100,5 * 100,6 * 100,7 * 100,8 * 100,9 * 100,(1 *) 1000,2 * 1000,http://lingweb.eva.mpg.de/numeral/Pashtu.htm,"David, Anne Boyle. 2014. Descriptive grammar of Pashto and its dialects Berlin: Mouton.",,133ff,,
Waziri,pst,Iranian,atom,1 + 10,2 + 10,3 + 10,4 + 10,5 + 10,6 + 10,7 + 10,8 + 10,9 + 10,atom + 10,atom / atom,1 + 20,2 + 20,3 + 20,4 + 20,5 + 20,6 + 20,7 + 20,8 + 20,9 + 20 / 30-1,3 * base,1 + 30,2 + 30,9 + 30 / 40-1,4 * base / 2 * 20,1  + 40,9 + 40 / 50-1,5 * base,1 + 50,9 + 50 / 60-1,6 * base / 3 * 20,1 + 60,9 + 60 / 70-1,7 * base,1 + 70,9 + 70 / 80-1,8 * base / 4 * 20,1 + 80,9 + 80 / 90-1,9 * base,1 + 90,9 + 90 / 100-1,base not10,atom + base / higher base - atom,stays atom + base,(1 *) 100,2 * 100,3 * 100,4 * 100,5 * 100,6 * 100,7 * 100,8 * 100,9 * 100,(1 *) 1000,2 * 1000,http://lingweb.eva.mpg.de/numeral/Pashtu.htm,"David, Anne Boyle. 2014. Descriptive grammar of Pashto and its dialects Berlin: Mouton.",,133ff,,
Old_Persian,peo,Iranian,atom,1 + 10,2 + 10,3 + 10,4 + 10,5 + 10,6 + 10,7 + 10,8 + 10,9 + 10,atom + 10,atom,1 + 20,2 + 20,3 + 20,4 + 20,5 + 20,6 + 20,7 + 20,8 + 20,9 + 20,3 * base,1 + 30,2 + 30,9 + 30,4 * base,1  + 40,9 + 40,5 * base,1 + 50,9 + 50,6 * base,1 + 60,9 + 60,7 * base,1 + 70,9 + 70,8 * base,1 + 80,9 + 80,9 * base,1 + 90,9 + 90,base not10,atom + base,stays atom + base,100,2 * 100,3 * 100,4 * 100,5 * 100,6 * 100,7 * 100,8 * 100,9 * 100,1000,2 * 1000,"Skj√¶rvo, Prods Oktor. 2009. Old Iranian. The Iranian languages, ed. by G. Windfuhr, 43-195. London: Routledge.",84ff,,,500,https://en.wikipedia.org/wiki/Behistun_Inscription
Iron_Ossetic ,oss,Iranian,atom,1 + 10,2 + 10,3 + 10,4 + 10,5 + 10,6 + 10,7 + 10,8 + 10,9 + 10,atom + 10,atom,20 + 1,20 + 2,20 + 3,20 + 4,20 + 5,20 + 6,20 + 7,20 + 8,20 + 9,3 * base,30 + 1,30 + 2,30 + 9,4 * base,40 + 1,40 + 9,5 * base,50 + 1,50 + 9,6 * base,60 + 1,60 + 9,7 * base,70 + 1,70 + 9,8 * base,80 + 1,80 + 9,atom,90 + 1,90 + 9,base not10,base + atom,changes from atom + base to base + atom,100,2 * 100,3 * 100,4 * 100,5 * 100,6 * 100,7 * 100,8 * 100,9 * 100,1000,2 * 1000,http://lingweb.eva.mpg.de/numeral/Ossetic.htm,"Abaev, Vasilij I. 1964. A grammatical sketch of Ossetic Bloomington: Indiana University.",,20ff,1100,"Aronson, Howard Isaac (1992).†The Non-Slavic Languages of the USSR. Chicago Linguistic Society, University of Chicago. p.†242.†ISBN†978-0-914203-41-4."
Digor_Ossetic ,oss,Iranian,atom,1 + 10,2 + 10,3 + 10,4 + 10,5 + 10,6 + 10,7 + 10,8 + 10,9 + 10,atom + 10,atom / 2 * base,20 + 1/ 1 + 20,20 + 2/ 2 + 20,20 + 3/3 + 20,20 + 4/ 4 + 20,20 + 5/ 5 + 20,20 + 6/ 6+ 20,20 + 7/7 + 20,20 + 8/8 + 20,20 + 9/9 + 20,20 + 10 / 3 * base ,30 + 1 / 11 + 20,30 + 2 / 12 + 20,30 + 9 / 19 + 20,2 * 20 / 4 * base,40 + 1/ 1 + 40,40 + 9 / 9 + 40,2 * 20 + 10 / 5 * base,50 + 1 / 11 + 40,50 + 9 /  19 + 40,3 * 20 / 6 * base,60 + 1 / 1 + 60,60 + 9 / 9 + 60,3 * 20 + 10 / 7 * base,70 + 1 / 11 + 60,70 + 9 / 19 + 60,4 * 20 / 8 * base,80 + 1 / 1 + 80,80 + 9 / 9 + 80,4 * 20 + 10 / 9 * base,90 + 1 / 11 + 80,90 + 9 / 19 + 80,base 20 / base not10,base + atom / atom + base,changes from atom + base to either order,5 * 20 / 100,2 * 100 / 2 * 5 * 20 / 10 * 20,3 * 100,4 * 100,5 * 100,6 * 100,7 * 100,8 * 100,9 * 100,1000,2 * 1000,http://lingweb.eva.mpg.de/numeral/Ossetic.htm,"Abaev, Vasilij I. 1964. A grammatical sketch of Ossetic Bloomington: Indiana University.",,20ff,1100,"Aronson, Howard Isaac (1992).†The Non-Slavic Languages of the USSR. Chicago Linguistic Society, University of Chicago. p.†242.†ISBN†978-0-914203-41-4."
Wakhi,wbl,Iranian,atom,10 + 1,10 + 2,10 + 3,10 + 4,10 + 5,10 + 6,10 + 7,10 + 8,10 + 9,10 + atom,atom,20 + 1,20 + 2,20 + 3,20 + 4,20 + 5,20 + 6,20 + 7,20 + 8,20 + 9,20 + 10,20 + 10 + 1,20 + 10 + 2,20 + 10 + 9,2 * 20,2 * 20 + 1,2 * 20 + 9,2 * 20 + 10,2 * 20 + 10 + 1,2 * 20 + 10 +9,3 * 20,3 * 20 +1,3 * 20 + 9,3 * 20 + 10,3 * 20 + 10 + 1,3 * 20 + 10 + 9,4 * 20,4 * 20 + 1,4 * 20 + 9,4 * 20 + 10,4 * 20 + 10 + 1,4 * 20 + 10 + 9,base 20,base + atom,stays base + atom,5 * 20 / 100,2 * 100,3 * 100,4 * 100,5 * 100,6 * 100,7 * 100,8 * 100,9 * 100,1000,2 * 1000,http://lingweb.eva.mpg.de/numeral/Wakhi.htm,"Bashir, Elena. 2009. Wakhi. The Iranian Languages, ed. by G. Windfuhr, 825-62. London: Routledge.",,833,,
Albanian_Top,sqi,Albanian,atom,1 + 10,2 + 10,3 + 10,4 + 10,5 + 10,6 + 10,7 + 10,8 + 10,9 + 10,atom + 10,atom,20 + 1,20 + 2,20 + 3,20 + 4,20 + 5,20 + 6,20 + 7,20 + 8,20 + 9,3 * 10,30 + 1,30 + 2,30 + 9,2 * 20,2 * 20 + 1,2 * 20 + 9,5 * 10,50 + 1,50 + 9,6 * 10,60 + 1,60 + 9,7 * 10,70 + 1,70 + 9,8 * 10 ,80 + 1,80 + 9,9 * 10,90 + 1,90 + 9,base 10,base + atom,changes from atom + base to base + atom,1 * 100,2 * 100,3 * 100,4 * 100,5 * 100,6 * 100,7 * 100,8 * 100,9 * 100,1 * 1000,http://lingweb.eva.mpg.de/numeral/Albanian.htm,"Newmark, Leonard, Philip Hubbard & Peter Prifti. 1982. Standard Albanian Stanford: Stanford University Press.",249,,,1462,"Formula e PagÎzimit, a baptismal formula in a letter of Archbishop†Pal EngjÎll"
Greek_Mod,ell,Greek,atom,1 + 10,2 + 10,10 + 3,10 + 4,10 + 5,10 + 6,10 + 7,10 + 8,10 + 9,10 + atom,atom,20 + 1,20 + 2,20 + 3,20 + 4,20 + 5,20 + 6,20 + 7,20 + 8,20 + 9,3 * base,30 + 1,30 + 2,30 + 9,4 * base,40 + 1,40 + 9,5 * base,50 + 1,50 + 9,6 * base,60 + 1,60 + 9,7 * base,70 + 1,70 + 9,8 * base,80 + 1,80 + 9,9 * base,90 + 1,90 + 9,base not10,base + atom,changes from atom + base to base + atom,100,2 * base,3 * base,4 * base,5 * base,6 * base,7 * base,8 * base,9 * base,1000,2 * 1000,http://lingweb.eva.mpg.de/numeral/Greek.htm,"Holton, David, Peter Mackridge & Irene Philippaki-Warburton. 2004. Greek: An essential grammar of the modern language London: Routledge.",,105ff,1453,Fall of the Byzantine Empire
Ancient_Greek,grc,Greek,atom,1 + 10,2 + 10,3 + 10,4 + 10,5 + 10,6 + 10,7 + 10,8 + 10,9 + 10,atom + 10,atom,20 + 1/ 1 + 20,20 + 2/ 2 + 20,20 + 3/3 + 20,20 + 4/ 4 + 20,20 + 5/ 5 + 20,20 + 6/ 6+ 20,20 + 7/7 + 20,20 + 8/8 + 20,20 + 9/9 + 20,3 * base,30 + 1/ 1 + 30,30 + 2/ 2 + 30,30 + 9/ 9 + 30,4 * base,40 + 1/ 1 + 40,40 + 9/ 9 + 40,5 * base,50 + 1/ 1 + 50,50 + 9/ 9+ 50,6 * base,60 + 9/9 + 60,60 + 9/ 9 + 60,7 * base,70 + 9/ 9 + 70,70 + 9/ 9 + 70,8 * base,80 + 9/9 + 80,80 + 9/ 9 + 80,9 * base,90 + 1/ 1 + 90,90 + 9/ 9 + 90,base not10,base + atom / atom + base,changes from atom + base to either order,100,2 * base,3 * base,4 * base,5 * base,6 * base,7 * base,8 * base,9 * base,1000,2 * 1000,"Goodwin, William W. 1900. Greek grammar Boston: Ginn.",78ff,,,1450BC?,Linear B tablet
Armenian_Mod,hye,Armenian,atom,10 + 1,10 + 2,10 + 3,10 + 4,10 + 5,10 + 6,10 + 7,10 + 8,10 + 9,10 + atom,2 * base,20 + 1,20 + 2,20 + 3,20 + 4,20 + 5,20 + 6,20 + 7,20 + 8,20 + 9,3 * base,30 + 1,30 + 2,30 + 9,4 * base,40 + 1,40 + 9,5 * base,50 + 1,50 + 9,6 * base,60 + 1,60 + 9,7 * base,70 + 1,70 + 9,8 * base,80 + 1,80 + 9,9 * base,90 + 1,90 + 9,base not10,base + atom,stays base + atom,100,2 * 100,3 * 100,4 * 100,5 * 100,6 * 100,7 * 100,8 * 100,9 * 100,1000,http://lingweb.eva.mpg.de/numeral/Armenian.htm,Dum-Tragut. 2009. Armenian Amsterdam: John Benjamins.,118ff,,,1700,"Clackson, James P.T. (2008). ""Classical Armenian"". In Woodard, Roger D.†The Ancient Languages of Asia Minor. Cambridge University Press. pp.†124ñ144.†ISBN†978-0-521-68496-5."
Classical_Armenian,xcl,Armenian,atom,1 + 10,2 + 10,3 + 10,4 + 10,5 + 10,6 + 10,7 + 10,8 + 10,9 + 10,atom + 10,atom,20 + 1,20 + 2,20 + 3,20 + 4,20 + 5,20 + 6,20 + 7,20 + 8,20 + 9,3 * base,30 + 1,30 + 2,30 + 9,4 * base,40 + 1,40 + 9,5 * base,50 + 1,50 + 9,6 * base,60 + 1,60 + 9,7 * base,70 + 1,70 + 9,8 * base,80 + 1,80 + 9,9 * base,90 + 1,90 + 9,base not10,base + atom,changes from atom + base to base + atom,100,2 * 100,3 * 100,4 * 100,5 * 100,6 * 100,7 * 100,8 * 100,9 * 100,1000,"Thomson, Robert W. 1989. An introduction to Classical Armenian Delmar: Caravan Books.",94-95,,,,500,5th century bible translation
Tocharian_A,xto,Tocharian,atom,10 + 1,10 + 2,10 + 3,10 + 4,10 + 5,10 + 6,10 + 7,10 + 8,10 + 9,10 + atom,atom,20 + 1,20 + 2,20 + 3,20 + 4,20 + 5,20 + 6,20 + 7,20 + 8,20 + 9,3 * base,30 + 1,30 + 2,30 + 9,4 * base,40 + 1,40 + 9,5 * base,50 + 1,50 + 9,6 * base,60 + 1,60 + 9,7 * base,70 + 1,70 + 9,8 * base,80 + 1,80 + 9,9 * base,90 + 1,90 + 9,base not10,base + atom,stays base + atom,100,2 * 100,3 * 100,4 * 100,5 * 100,6 * 100,7 * 100,8 * 100,9 * 100,1000,2 * 1000,"Krause, Wolfgang & Werner Thomas. 1960. Grammatik (Tokharisches Elementarbuch I) Heidelberg: Carl Winter.",,158ff,,500 ~ 600,"Beekes, Robert S.P. (1995).†Comparative Indo-European linguistics: an Introduction. J. Benjamins. p.†20.†ISBN†978-90-272-2151-3."
Tocharian_B,xto,Tocharian,atom,10 + 1,10 + 2,10 + 3,10 + 4,10 + 5,10 + 6,10 + 7,10 + 8,10 + 9,10 + atom,atom,20 + 1,20 + 2,20 + 3,20 + 4,20 + 5,20 + 6,20 + 7,20 + 8,20 + 9,3 * base,30 + 1,30 + 2,30 + 9,4 * base,40 + 1,40 + 9,5 * base,50 + 1,50 + 9,6 * base,60 + 1,60 + 9,7 * base,70 + 1,70 + 9,8 * base,80 + 1,80 + 9,9 * base,90 + 1,90 + 9,base not10,base + atom,stays base + atom,100,2 * 100,3 * 100,4 * 100,5 * 100,6 * 100,7 * 100,8 * 100,9 * 100,1000,2 * 1000,"Krause, Wolfgang & Werner Thomas. 1960. Grammatik (Tokharisches Elementarbuch I) Heidelberg: Carl Winter.",,158ff,,500 ~ 600,"Beekes, Robert S.P. (1995).†Comparative Indo-European linguistics: an Introduction. J. Benjamins. p.†20.†ISBN†978-90-272-2151-3."
